<?xml version="1.0" encoding="utf-8" ?>
<service ID="2e81f2b4-aa9c-45e1-a013-a9ea47deabc5" Password="123" Name="SRPWrapAndroidEngine">
    <macro>
        <Layout>
            <METRICS_PX Value="0" />
            <METRICS_PT Value="1" />
            <METRICS_SP Value="2" />
            <FILL_PARENT Value="-1" />
            <MATCH_PARENT Value="-1" />
            <WRAP_CONTENT Value="-2" />
        </Layout>
    </macro>
    <struct>
        <RectF ID="ca9ce634-f00b-4f19-bdb4-29c5595bdadb">
            <left Type="VS_FLOAT" />
            <top Type="VS_FLOAT" />
            <right Type="VS_FLOAT" />
            <bottom Type="VS_FLOAT" />
        </RectF>
    </struct>
    <sysrootitem>
        <BasicServiceItem ID="f7ff7d28-29f4-4fdf-8516-5246cce0609a" NameID="3b3c8330-d363-4bbb-b496-56318f820259">
            <object>
                <RectClass ID="00b5c2c8-f677-4b12-b338-ba82d078d80e">
                    <attribute>
                        <left Type="VS_INT32" />
                        <top Type="VS_INT32" />
                        <right Type="VS_INT32" />
                        <bottom Type="VS_INT32" />
                    </attribute>
                </RectClass>
                <AndroidConstantClass ID="51ee4973-6fac-4ccf-9ac8-b495527891df" />
                <AndroidInitClass ID="c102427e-5c1c-4479-b072-0d5019e716c6">
                    <outevent>
                        <onInitClass ID="66abaa12-8508-4f6a-8ee3-ce59d8feab3f" />
                    </outevent>
                </AndroidInitClass>
                <PointClass ID="c734268c-eb93-4522-bb36-64fcd901a385">
                    <attribute>
                        <x Type="VS_INT32" />
                        <y Type="VS_INT32" />
                    </attribute>
                </PointClass>
                <AndroidBaseClass ID="e51b7626-160e-485e-b4ee-1f37686736dd">
                    <attribute>
                        <AndroidRefCount Type="VS_INT32" SyncFlag="1" />
                        <ObjectList Type="void *" />
                    </attribute>
                    <function>
                        <onDownPreExecute CantOvl="0" ID="432d3f04-ee6c-477f-978a-4176e9bd0cdd">
                            <input Name="downloadId" Type="VS_INT32" />
                            <input Name="url" Type="VS_CHAR *" />
                            <input Name="fileName" Type="VS_CHAR *" />
                        </onDownPreExecute>
                        <onDownProgressUpdate CantOvl="0" ID="25d094bf-4c6f-473e-a91a-56f6a10f0985">
                            <input Name="downloadId" Type="VS_INT32" />
                            <input Name="downloadSize" Type="VS_INT32" />
                            <input Name="maxSize" Type="VS_INT32" />
                        </onDownProgressUpdate>
                        <onDownPostExecute CantOvl="0" ID="7d20ea4b-9921-4916-8dda-777715a1be67">
                            <input Name="downloadId" Type="VS_INT32" />
                            <input Name="result" Type="VS_INT32" />
                            <input Name="maxDownloadSize" Type="VS_INT32" />
                            <input Name="fileName" Type="VS_CHAR *" />
                            <input Name="binbuf" Type="VS_BINBUFPTR" />
                        </onDownPostExecute>
                    </function>
                </AndroidBaseClass>
                <ActivityClass ID="08b5a8db-95a5-4ca8-bd0c-e1fe73c0afbf" Class="AndroidBaseClass">
                    <attribute>
                        <ViewGroupQueue Type="void *" Class="ViewGroupClass" />
                        <ViewQueue Type="void *" Class="ViewClass" />
                        <ObjectQueue Type="void *" Class="ObjectBaseClass" />
                    </attribute>
                    <function>
                        <onStart CantOvl="0" ID="28a0f81c-bb8a-4728-828a-3c22dacb39a4" />
                        <onRestart CantOvl="0" ID="9b0a4f55-bef1-4b7f-a023-e3883a67b5ff" />
                        <onStop CantOvl="0" ID="2dc90ecb-e1fb-401e-8224-f86c2a6877d1" />
                        <onSaveInstanceState CantOvl="0" ID="9fe828a5-9a4d-4a6a-bd91-d8057a9edeaa">
                            <input Name="savedInstanceState" Type="VS_OBJPTR" />
                        </onSaveInstanceState>
                        <onRestoreInstanceState CantOvl="0" ID="a20e09f4-9d2e-4f39-9b37-0abcdd6f2e49">
                            <input Name="savedInstanceState" Type="VS_OBJPTR" />
                        </onRestoreInstanceState>
                        <onPause CantOvl="0" ID="c37cda8c-3b9b-4b15-8934-3df22b0c0977" />
                        <onResume CantOvl="0" ID="a2db0f6c-a52d-4f62-a5d5-6a13350d5293" />
                        <onDestroy CantOvl="0" ID="209fe91e-4b82-4df1-ac78-df86579c9384" />
                        <onCreateDialog CantOvl="0" ID="dc86f88f-3f6f-4d74-bd62-6e56076dfb98">
                            <input Name="id" Type="VS_INT32" />
                            <output Type="VS_OBJPTR" />
                        </onCreateDialog>
                        <onCreateDialog1 CantOvl="0" ID="d415d60c-717a-473d-aecf-484beecda6df">
                            <input Name="id" Type="VS_INT32" />
                            <input Name="args" Type="VS_OBJPTR" />
                            <output Type="VS_OBJPTR" />
                        </onCreateDialog1>
                        <onPrepareDialog CantOvl="0" ID="3ad3a83a-4db7-41ce-ab77-25d2e34487db">
                            <input Name="id" Type="VS_INT32" />
                            <input Name="dialog" Type="VS_OBJPTR" />
                            <output Type="VS_BOOL" />
                        </onPrepareDialog>
                        <onPrepareDialog1 CantOvl="0" ID="18896771-311e-4040-9b6e-90e4774b1139">
                            <input Name="id" Type="VS_INT32" />
                            <input Name="dialog" Type="VS_OBJPTR" />
                            <input Name="args" Type="VS_OBJPTR" />
                            <output Type="VS_BOOL" />
                        </onPrepareDialog1>
                        <onActivityResult CantOvl="0" ID="4706e27e-37b8-42ce-b4d3-a8d6b1cac169">
                            <input Name="requestCode" Type="VS_INT32" />
                            <input Name="resultCode" Type="VS_INT32" />
                            <input Name="data" Type="VS_OBJPTR" />
                        </onActivityResult>
                        <onTouchEvent CantOvl="0" ID="94786157-b432-4e3a-a424-795da8aab866">
                            <input Name="event" Type="VS_OBJPTR" />
                            <output Type="VS_BOOL" />
                        </onTouchEvent>
                        <onCreateOptionsMenu CantOvl="0" ID="cb5e4a5b-9afd-4ccf-93e3-6b339d0acd14">
                            <input Name="menu" Type="VS_OBJPTR" />
                            <output Type="VS_BOOL" />
                        </onCreateOptionsMenu>
                        <onPrepareOptionsMenu CantOvl="0" ID="6790ce6c-d759-4e84-9b5c-ee7aef67676a">
                            <input Name="menu" Type="VS_OBJPTR" />
                            <output Type="VS_BOOL" />
                        </onPrepareOptionsMenu>
                        <onOptionsItemSelected CantOvl="0" ID="a1bdf5cc-de00-4686-91fe-b52ea868a7e2">
                            <input Name="item" Type="VS_OBJPTR" />
                            <output Type="VS_BOOL" />
                        </onOptionsItemSelected>
                        <onCreateContextMenu CantOvl="0" ID="a04bfd6c-bc09-4a2a-92c7-8c656346523a">
                            <input Name="menu" Type="VS_OBJPTR" />
                            <input Name="v" Type="VS_OBJPTR" />
                            <input Name="menuInfo" Type="VS_OBJPTR" />
                        </onCreateContextMenu>
                        <onContextItemSelected CantOvl="0" ID="1dd47175-5f59-4af7-97d6-8e4f0c8971b4">
                            <input Name="item" Type="VS_OBJPTR" />
                        </onContextItemSelected>
                        <onKeyDown CantOvl="0" ID="4d2cbbd9-e264-445e-8cd7-06d346ae5016">
                            <input Name="keyCode" Type="VS_INT32" />
                            <input Name="event" Type="VS_OBJPTR" />
                            <output Type="VS_BOOL" />
                        </onKeyDown>
                        <onKeyLongPress CantOvl="0" ID="f824e1d7-81ff-4ab9-9d0a-c0c03461c2dd">
                            <input Name="keyCode" Type="VS_INT32" />
                            <input Name="event" Type="VS_OBJPTR" />
                            <output Type="VS_BOOL" />
                        </onKeyLongPress>
                        <onKeyMultiple CantOvl="0" ID="dbc95eaa-517e-454f-b3f6-93a18ad5c07f">
                            <input Name="keyCode" Type="VS_INT32" />
                            <input Name="repeatCount" Type="VS_INT32" />
                            <input Name="event" Type="VS_OBJPTR" />
                            <output Type="VS_BOOL" />
                        </onKeyMultiple>
                        <onKeyUp CantOvl="0" ID="395f4b79-a0f6-49c2-8d12-9274bb04227d">
                            <input Name="keyCode" Type="VS_INT32" />
                            <input Name="event" Type="VS_OBJPTR" />
                            <output Type="VS_BOOL" />
                        </onKeyUp>
                    </function>
                </ActivityClass>
                <ListActivityClass ID="233cbf1f-5b69-4b36-8c34-cb407d5c61a5" Class="ActivityClass">
                    <function>
                        <onListItemClick CantOvl="0" ID="bc8b310f-da10-47d9-970c-fae905424a0e">
                            <input Name="l" Type="VS_OBJPTR" />
                            <input Name="v" Type="VS_OBJPTR" />
                            <input Name="position" Type="VS_INT32" />
                            <input Name="id" Type="VS_LONG" />
                            <output Type="VS_BOOL" />
                        </onListItemClick>
                    </function>
                </ListActivityClass>
                <ViewClass ID="2f669713-d0e6-484b-9473-5c50afd8bbd2" Class="AndroidBaseClass">
                    <function>
                        <onDraw CantOvl="0" ID="4338b84e-3fbf-49bc-a679-fb50ba6035b4">
                            <input Name="canvas" Type="VS_OBJPTR" />
                        </onDraw>
                        <onTouchEvent CantOvl="0" ID="ece82214-dc9d-4c58-8ce8-12c32ed8f773">
                            <input Name="event" Type="VS_OBJPTR" />
                            <output Type="VS_BOOL" />
                        </onTouchEvent>
                        <onLayout CantOvl="0" ID="fd01f8c3-f276-4450-a1f1-29812063de59">
                            <input Name="changed" Type="VS_BOOL" />
                            <input Name="left" Type="VS_INT32" />
                            <input Name="top" Type="VS_INT32" />
                            <input Name="right" Type="VS_INT32" />
                            <input Name="bottom" Type="VS_INT32" />
                        </onLayout>
                        <onMeasure CantOvl="0" ID="98d04429-3cdd-4442-ae52-94f3affef069">
                            <input Name="widthMeasureSpec" Type="VS_INT32" />
                            <input Name="heightMeasureSpec" Type="VS_INT32" />
                        </onMeasure>
                        <onSizeChanged CantOvl="0" ID="7ba7d624-db39-439d-82a9-0392067adc46">
                            <input Name="w" Type="VS_INT32" />
                            <input Name="h" Type="VS_INT32" />
                            <input Name="oldw" Type="VS_INT32" />
                            <input Name="oldh" Type="VS_INT32" />
                        </onSizeChanged>
                        <onKeyDown CantOvl="0" ID="79af9122-18d6-404e-83a5-fb4633146d20">
                            <input Name="keyCode" Type="VS_INT32" />
                            <input Name="event" Type="VS_OBJPTR" />
                            <output Type="VS_BOOL" />
                        </onKeyDown>
                        <onKeyLongPress CantOvl="0" ID="5ff5f868-ce3a-4ac3-98ae-eebb24af6bf1">
                            <input Name="keyCode" Type="VS_INT32" />
                            <input Name="event" Type="VS_OBJPTR" />
                            <output Type="VS_BOOL" />
                        </onKeyLongPress>
                        <onKeyMultiple CantOvl="0" ID="7239c8b9-c5f3-4bee-916e-a1c83ddc3ea3">
                            <input Name="keyCode" Type="VS_INT32" />
                            <input Name="repeatCount" Type="VS_INT32" />
                            <input Name="event" Type="VS_OBJPTR" />
                            <output Type="VS_BOOL" />
                        </onKeyMultiple>
                        <onKeyUp CantOvl="0" ID="451694b3-b602-4269-b30a-ce099a74b3c3">
                            <input Name="keyCode" Type="VS_INT32" />
                            <input Name="event" Type="VS_OBJPTR" />
                            <output Type="VS_BOOL" />
                        </onKeyUp>
                    </function>
                    <outevent>
                        <onClick ID="6191a3ad-7e5a-4fb1-a8c9-98cd9c0f82b1" />
                        <onLongClick ID="33d22188-9d6c-4928-b7d2-8ea71fddabe5" />
                        <onKey ID="4ebf2abf-ba2b-4e3b-9c2f-118218fdcf50" />
                        <onFocusChange ID="d52912cb-9d84-4533-abf8-6dacdb7c2438" />
                        <onCreateContextMenu ID="c06b688c-a8ee-4dd9-948c-5a2d8bcb4f40" />
                        <onTouch ID="d8092720-4797-4551-8c63-053b7d6085b7" />
                    </outevent>
                </ViewClass>
                <ProgressBarClass ID="29aff3e5-a1db-4ae7-b70b-4eb152da4c9d" Class="ViewClass" />
                <AbsSeekBarClass ID="4b8781ea-4bc8-4b84-86a4-1aba2e8aebbf" Class="ProgressBarClass" />
                <RatingBarClass ID="6c063216-1c81-434c-8338-103deaebd4a2" Class="AbsSeekBarClass">
                    <outevent>
                        <onRatingChanged ID="1deb29cc-e0f4-422c-9590-abc77956e09b" />
                    </outevent>
                </RatingBarClass>
                <ObjectBaseClass ID="6cf73a66-9322-49e0-ad46-f5c7e8ab05d7" Class="AndroidBaseClass" />
                <VibratorClass ID="050a1d51-ae58-4d79-9d79-405e773d8661" Class="ObjectBaseClass" />
                <TabSpecClass ID="05839b9d-5506-4f21-8479-09dbb7b5e420" Class="ObjectBaseClass" />
                <DisplayClass ID="0725c15b-3190-45d0-96d2-a6b07b348578" Class="ObjectBaseClass" />
                <ContextMenuInfoClass ID="08c90d80-36b0-4278-ba10-247f21a33b6e" Class="ObjectBaseClass" />
                <InputStreamClass ID="0c514359-1739-41f8-9ee0-8cff16a54c1b" Class="ObjectBaseClass" />
                <AnimationUtilsClass ID="10168181-2f98-45ea-a8c7-babf824a54d2" Class="ObjectBaseClass" />
                <FileDescriptorClass ID="13f66d5a-e61e-4383-9254-bc743a9a45a0" Class="ObjectBaseClass" />
                <AssetFileDescriptorClass ID="08d3fca3-9309-4076-8e4f-3cd9b3587d89" Class="FileDescriptorClass" />
                <ViewGroup_LayoutParamsClass ID="148cdcf5-32fa-4761-a3d8-f7c9441bafda" Class="ObjectBaseClass" />
                <BitmapClass ID="1687a6c6-c3df-4086-b8b0-6f5cb18b1c91" Class="ObjectBaseClass" />
                <DisplayMetricsClass ID="1b61accc-5507-47d3-9001-f4076abd54b4" Class="ObjectBaseClass" />
                <IntentFilterClass ID="1cd1709b-8a66-47e3-9868-5118e1dcdac4" Class="ObjectBaseClass" />
                <FileInputStreamClass ID="1dc728b9-e35f-4e1d-8c60-8be5e35c017a" Class="InputStreamClass" />
                <ContentUrisClass ID="2227fc44-64d4-41ab-b08b-be655e4fcc6d" Class="ObjectBaseClass" />
                <EnvironmentClass ID="230101f3-ac34-4e20-980f-e1905cde95a9" Class="ObjectBaseClass" />
                <ByteArrayInputStreamClass ID="234cb1a9-f751-44b0-bf65-697d91dd15e2" Class="InputStreamClass" />
                <AlarmManagerClass ID="23545e7b-9f61-4238-8e72-f1462d3ff3e3" Class="ObjectBaseClass" />
                <ExpandableListContextMenuInfoClass ID="2b5ae1c2-c636-46a6-8417-3302f9def918" Class="ContextMenuInfoClass" />
                <RingtoneClass ID="2c92c2a2-7eb0-4716-83d6-5f0d8dcf9b65" Class="ObjectBaseClass" />
                <ResourcesClass ID="307f0f1e-e772-4664-a0cb-9b22368dc2fb" Class="ObjectBaseClass" />
                <MaskFilterClass ID="325dda66-0cb8-42a6-9e6b-8e309e7d35f8" Class="ObjectBaseClass" />
                <BlurMaskFilterClass ID="1d6a13c0-94ce-4b98-bab1-97bd687c2df9" Class="MaskFilterClass" />
                <MenuItemClass ID="3861e9f1-5eef-4c96-b53b-ce15d2aca62d" Class="ObjectBaseClass" />
                <CellLocationClass ID="39426111-55f4-45f9-82fd-3e8699681d4e" Class="ObjectBaseClass" />
                <LayoutInflaterClass ID="3ba3255d-fccd-46ac-991f-6cd1c4a14453" Class="ObjectBaseClass" />
                <IntentClass ID="3d2f3c92-edbc-4b46-a617-f36464ec5ee3" Class="ObjectBaseClass" />
                <ViewFactoryClass ID="3f2ea5a4-1193-4445-86c1-073ac45ff492" Class="ObjectBaseClass">
                    <function>
                        <makeView CantOvl="0" ID="0666a308-55fe-4185-bfbc-476f52579f67">
                            <output Type="VS_OBJPTR" />
                        </makeView>
                    </function>
                </ViewFactoryClass>
                <ColorMatrixClass ID="3fafd7b8-86bb-4625-9b3d-69042a800c21" Class="ObjectBaseClass" />
                <RemoteViewsClass ID="45879b34-5cd0-41d3-b466-b8516cb0e773" Class="ObjectBaseClass" />
                <BaseAdapterClass ID="4829cc63-b707-4a98-9c6f-abac77d844f8" Class="ObjectBaseClass">
                    <function>
                        <areAllItemsEnabled CantOvl="0" ID="28552a6f-d33e-40a2-afb2-5ced43010afe">
                            <output Type="VS_BOOL" />
                        </areAllItemsEnabled>
                        <isEnabled CantOvl="0" ID="41391a57-d343-4131-85fa-7b6321384bd0">
                            <input Name="position" Type="VS_INT32" />
                            <output Type="VS_BOOL" />
                        </isEnabled>
                        <getDropDownView CantOvl="0" ID="183069c8-9d8e-45d6-9d9e-b594faf05c80">
                            <input Name="position" Type="VS_INT32" />
                            <input Name="convertView" Type="VS_OBJPTR" />
                            <input Name="parent" Type="VS_OBJPTR" />
                            <output Type="VS_OBJPTR" />
                        </getDropDownView>
                        <getCount CantOvl="0" ID="c6714c37-798e-4b82-bcf4-60d1ba316710">
                            <output Type="VS_INT32" />
                        </getCount>
                        <getItem CantOvl="0" ID="2b3a090e-79a5-406e-9509-0dccaa801f29">
                            <input Name="position" Type="VS_INT32" />
                            <output Type="VS_INT32" />
                        </getItem>
                        <getItemId CantOvl="0" ID="eb4f05aa-4ce4-4601-b1bc-f35a8c25ff14">
                            <input Name="position" Type="VS_INT32" />
                            <output Type="VS_LONG" />
                        </getItemId>
                        <getViewTypeCount CantOvl="0" ID="451ce0dc-0a8e-49d4-ac24-e931298ec690">
                            <output Type="VS_INT32" />
                        </getViewTypeCount>
                        <getItemViewType CantOvl="0" ID="1e915934-6dd9-42bd-9656-bf69c3e462c4">
                            <input Name="position" Type="VS_INT32" />
                            <output Type="VS_INT32" />
                        </getItemViewType>
                        <getView CantOvl="0" ID="48369a2a-5eb9-4cd8-a92c-93dde7b05fba">
                            <input Name="position" Type="VS_INT32" />
                            <input Name="convertView" Type="VS_OBJPTR" />
                            <input Name="parent" Type="VS_OBJPTR" />
                            <output Type="VS_OBJPTR" />
                        </getView>
                        <hasStableIds CantOvl="0" ID="289e8750-bf3c-4d03-b6c0-ef2ab639f229">
                            <output Type="VS_BOOL" />
                        </hasStableIds>
                        <isEmpty CantOvl="0" ID="8a76d245-7856-4a13-b392-a49ee2243b08">
                            <output Type="VS_BOOL" />
                        </isEmpty>
                    </function>
                </BaseAdapterClass>
                <CursorAdapterClass ID="2809a650-607f-4e9a-8df3-49a464311977" Class="BaseAdapterClass">
                    <function>
                        <bindView CantOvl="0" ID="12cbf196-6a61-485c-9ff5-351b1c7146da">
                            <input Name="view" Type="VS_OBJPTR" />
                            <input Name="cursor" Type="VS_OBJPTR" />
                        </bindView>
                        <newDropDownView CantOvl="0" ID="d009808e-ff7a-41a9-a2f5-edc22eb5544d">
                            <input Name="cursor" Type="VS_OBJPTR" />
                            <input Name="parent" Type="VS_OBJPTR" />
                            <output Type="VS_OBJPTR" />
                        </newDropDownView>
                        <newView CantOvl="0" ID="edd4c94f-677f-4546-bf2e-96dcd6960e3e">
                            <input Name="cursor" Type="VS_OBJPTR" />
                            <input Name="parent" Type="VS_OBJPTR" />
                            <output Type="VS_OBJPTR" />
                        </newView>
                    </function>
                </CursorAdapterClass>
                <ResourceCursorAdapterClass ID="039bae5e-f612-4787-9d3f-f95e18574a35" Class="CursorAdapterClass" />
                <StringArrayAdapterClass ID="3b040290-e2f8-4728-bb5d-91e5a879e74b" Class="BaseAdapterClass">
                    <function>
                        <getView CantOvl="0" ID="35581638-69ed-4236-9b4a-18cddbab51ed">
                            <input Name="Position" Type="VS_INT32" />
                            <input Name="convertView" Type="VS_OBJPTR" />
                            <input Name="parent" Type="VS_OBJPTR" />
                            <output Type="VS_OBJPTR" />
                        </getView>
                    </function>
                </StringArrayAdapterClass>
                <DrawableClass ID="4a1ba9c2-a56a-43e2-bbd9-d4eae4546575" Class="ObjectBaseClass">
                    <function>
                        <draw CantOvl="0" ID="2f1dd4e9-ef7e-45d3-8c8c-ca542b475c6c">
                            <input Name="canvas" Type="VS_OBJPTR" />
                        </draw>
                        <getOpacity CantOvl="0" ID="0b28c7b6-1889-4c33-b3e6-b6e490e78bec">
                            <output Type="VS_INT32" />
                        </getOpacity>
                        <setAlpha CantOvl="0" ID="a897c30a-0060-4417-bd4c-f55135014e84">
                            <input Name="setAlpha" Type="VS_INT32" />
                        </setAlpha>
                        <setColorFilter CantOvl="0" ID="523192dc-21bf-4468-98e7-3b066eeeac50">
                            <input Name="cf" Type="VS_OBJPTR" />
                        </setColorFilter>
                    </function>
                </DrawableClass>
                <ShapeDrawableClass ID="3b1e3e96-8ae3-4038-993f-450935810380" Class="DrawableClass" />
                <GradientDrawableClass ID="3d5a781a-c2f2-48c3-a9f8-c59825178659" Class="DrawableClass" />
                <LayerDrawableClass ID="48384dc6-2ec6-480d-a451-dda331dfba35" Class="DrawableClass" />
                <ShaderClass ID="5025347f-8392-42a1-8fd8-4bc3ed3fd244" Class="ObjectBaseClass" />
                <BitmapShaderClass ID="42acc541-8520-4a97-87ef-b1d81f61849c" Class="ShaderClass" />
                <SensorClass ID="506193ac-beb7-438b-b9fa-1309c6588d9c" Class="ObjectBaseClass" />
                <DataSetObserverClass ID="50c34c40-e0cf-413c-8a0b-3a9b6ab362fd" Class="ObjectBaseClass">
                    <function>
                        <onChanged CantOvl="0" ID="3f88a66e-a9b7-4751-82ca-12c8d816349e" />
                        <onInvalidated CantOvl="0" ID="9524a187-0d72-4909-8a2f-bef2cf5cd62c" />
                    </function>
                </DataSetObserverClass>
                <MediaPlayerClass ID="537197cd-9400-4384-be95-7ac9f644086d" Class="ObjectBaseClass">
                    <outevent>
                        <onBufferingUpdate ID="cc82bc27-53ab-4c80-850e-ced03ca4afed" />
                        <onCompletion ID="858e600d-402a-4001-8029-da1004295aa8" />
                        <onError ID="03cf07e4-d035-4172-8417-dffd744a511d" />
                        <onInfo ID="fcf6a29e-e661-4c0d-950a-7821933360a2" />
                        <onPrepared ID="a2865538-c41d-4523-8490-cd882c99af16" />
                        <onSeekComplete ID="0e70810d-38e6-415a-a3bf-08f1e6034fe6" />
                        <onVideoSizeChanged ID="c778c3fe-d071-4ff2-bde3-bcca1ca76c43" />
                    </outevent>
                </MediaPlayerClass>
                <UriClass ID="5c7a1097-0c99-4e96-ab48-29d8a9fb2ce6" Class="ObjectBaseClass" />
                <TransitionDrawableClass ID="5dafbde6-3e4c-4e06-871f-7afaf36857eb" Class="LayerDrawableClass" />
                <NotificationManagerClass ID="5efb230e-8031-4fd7-bb4c-f13f76d01d76" Class="ObjectBaseClass" />
                <CommonDataKinds_EmailClass ID="6011210c-0ecd-49d8-9149-4f4cacd2d366" Class="ObjectBaseClass" />
                <PaintClass ID="6417d143-3d2c-4c19-9d52-075578f3c91e" Class="ObjectBaseClass" />
                <GsmCellLocationClass ID="65c146c0-c0d6-42fc-9801-033346342f07" Class="CellLocationClass" />
                <InterpolatorClass ID="69afb9dc-598f-4eed-826e-f91841887508" Class="ObjectBaseClass" />
                <AccelerateDecelerateInterpolatorClass ID="2c3006d6-43e3-45c2-bb47-25bf72f1fc13" Class="InterpolatorClass" />
                <OvershootInterpolatorClass ID="6ae8a3af-b733-4b46-bf7b-103c1184af0a" Class="InterpolatorClass" />
                <SimplePackageManagerClass ID="6afea496-b143-4830-8e17-2d67ce8783fe" Class="ObjectBaseClass" />
                <DialogClass ID="6b2b74bb-f488-4284-aaaa-c5693b427f60" Class="ObjectBaseClass">
                    <outevent>
                        <onKey ID="4e4138a4-c783-4c50-8502-1418b989c7d6" />
                        <onCancel ID="c72c734d-c102-46b1-9fad-5d4f176b47f7" />
                        <onDismiss ID="aca6d5e5-dcc5-45ee-83d1-d30d48b00552" />
                        <onShow ID="9c30e50c-7112-4c03-8de7-dd7973644c02" />
                    </outevent>
                </DialogClass>
                <ColorDrawableClass ID="6d192f30-df98-4aea-9aa0-e85d823aaae8" Class="DrawableClass" />
                <DecelerateInterpolatorClass ID="6e46c1f5-fa8d-450c-a645-d9b0aabc0bc1" Class="InterpolatorClass" />
                <WebChromeClientClass ID="6eac93ec-ac03-4a0c-b3d2-07379aff0c5d" Class="ObjectBaseClass">
                    <function>
                        <onCloseWindow CantOvl="0" ID="fdc46a30-f640-4f87-b86c-8b6ac88ff054">
                            <input Name="window" Type="VS_OBJPTR" />
                        </onCloseWindow>
                        <onConsoleMessage CantOvl="0" ID="9f50a2cf-a732-4c1f-bb2f-2b053925de72">
                            <input Name="message" Type="VS_CHAR *" />
                            <input Name="lineNumber" Type="VS_INT32" />
                            <input Name="sourceID" Type="VS_CHAR *" />
                        </onConsoleMessage>
                        <onGeolocationPermissionsHidePrompt CantOvl="0" ID="8120572f-f06d-4df6-88ba-8ffabb7e4971" />
                        <onHideCustomView CantOvl="0" ID="64b9a4f1-62d7-4c42-8eec-47bc23b766a7" />
                        <onJsAlert CantOvl="0" ID="74668bee-b8c1-46ba-88da-4d6e78394de7">
                            <input Name="view" Type="VS_OBJPTR" />
                            <input Name="url" Type="VS_CHAR *" />
                            <input Name="message" Type="VS_CHAR *" />
                            <input Name="result" Type="VS_OBJPTR" />
                            <output Type="VS_BOOL" />
                        </onJsAlert>
                        <onJsBeforeUnload CantOvl="0" ID="04b17257-550e-4cb9-a723-fa0f4c6f283d">
                            <input Name="view" Type="VS_OBJPTR" />
                            <input Name="url" Type="VS_CHAR *" />
                            <input Name="message" Type="VS_CHAR *" />
                            <input Name="result" Type="VS_OBJPTR" />
                            <output Type="VS_BOOL" />
                        </onJsBeforeUnload>
                        <onJsConfirm CantOvl="0" ID="52e9dfb3-a654-4e44-a75a-ce328efdee88">
                            <input Name="view" Type="VS_OBJPTR" />
                            <input Name="url" Type="VS_CHAR *" />
                            <input Name="message" Type="VS_CHAR *" />
                            <input Name="result" Type="VS_OBJPTR" />
                            <output Type="VS_BOOL" />
                        </onJsConfirm>
                        <onJsPrompt CantOvl="0" ID="4077b8ee-8d7d-4ee8-a83d-8e7a4f1d8c96">
                            <input Name="view" Type="VS_OBJPTR" />
                            <input Name="url" Type="VS_CHAR *" />
                            <input Name="message" Type="VS_CHAR *" />
                            <input Name="defaultValue" Type="VS_CHAR *" />
                            <input Name="result" Type="VS_OBJPTR" />
                            <output Type="VS_BOOL" />
                        </onJsPrompt>
                        <onJsTimeout CantOvl="0" ID="5ec6c9e8-798f-4abe-adca-01df8d6472a4" />
                        <onProgressChanged CantOvl="0" ID="7acbabd4-5d00-4062-93b4-d2f8d8c000dc">
                            <input Name="view" Type="VS_OBJPTR" />
                            <input Name="newProgress" Type="VS_INT32" />
                        </onProgressChanged>
                        <onReceivedIcon CantOvl="0" ID="d871ac98-547c-4be4-b277-399a819d4e27">
                            <input Name="view" Type="VS_OBJPTR" />
                            <input Name="icon" Type="VS_OBJPTR" />
                        </onReceivedIcon>
                        <onReceivedTitle CantOvl="0" ID="0bca9839-cc1b-47ce-8728-9d57f95e259e">
                            <input Name="view" Type="VS_OBJPTR" />
                            <input Name="title" Type="VS_CHAR *" />
                        </onReceivedTitle>
                        <onReceivedTouchIconUrl CantOvl="0" ID="d37d23f2-12d8-4573-9800-3bd3d9021f28">
                            <input Name="view" Type="VS_OBJPTR" />
                            <input Name="url" Type="VS_CHAR *" />
                            <input Name="precomposed" Type="VS_BOOL" />
                        </onReceivedTouchIconUrl>
                        <onRequestFocus CantOvl="0" ID="b97dabfe-d24d-4626-adfe-f4eb075245d4">
                            <input Name="view" Type="VS_OBJPTR" />
                        </onRequestFocus>
                    </function>
                </WebChromeClientClass>
                <AudioManagerClass ID="74a4f823-bb91-4486-ae08-dd9cd512c188" Class="ObjectBaseClass">
                    <outevent>
                        <onAudioFocusChange ID="6d56473f-1b7c-45d8-b051-d36f02cc322e" />
                    </outevent>
                </AudioManagerClass>
                <XmlPullParserClass ID="76d598bf-8f65-45fe-9316-98b884e7179d" Class="ObjectBaseClass" />
                <SweepGradientClass ID="7795564d-9c04-467b-ad96-9ad7b35b0fe8" Class="ShaderClass" />
                <ConnectivityManagerClass ID="7a1208f1-1d65-4f34-9eb0-849cacd16dc7" Class="ObjectBaseClass" />
                <EditorClass ID="8047a44b-bffc-4147-beaa-4a11ce110c60" Class="ObjectBaseClass" />
                <SharedPreferencesClass ID="8068116b-add3-4ceb-b313-c6003f24f920" Class="ObjectBaseClass" />
                <CdmaCellLocationClass ID="8110ba0f-4124-41e3-a551-8e40df517d76" Class="CellLocationClass" />
                <ComponentNameClass ID="81681082-1ba2-4173-a973-608e2ebc88ca" Class="ObjectBaseClass" />
                <MediaRecorderClass ID="84252caf-9536-4258-9a7f-de58af29c39c" Class="ObjectBaseClass">
                    <outevent>
                        <onError ID="4a4bbbc9-072b-40fa-b0e2-787b1e650436" />
                        <onInfo ID="b9ebc69a-8e25-4afc-927a-11fb007d9531" />
                    </outevent>
                </MediaRecorderClass>
                <FileClass ID="85b8e49c-ee14-4536-a3fe-53ba138ec82b" Class="ObjectBaseClass" />
                <TypefaceClass ID="88d97179-5b54-4cf0-8bf6-41490b2e2f2d" Class="ObjectBaseClass" />
                <MenuInflaterClass ID="898a38ce-38fe-4fb2-bf5f-86874dff23d1" Class="ObjectBaseClass" />
                <GestureDetectorClass ID="8a376b19-e270-419d-bffc-407dafb3279f" Class="ObjectBaseClass">
                    <outevent>
                        <onDown ID="43e95855-46ab-4d95-9c29-813ab5f64881" />
                        <onFling ID="6eb59f39-3618-47a9-85c4-1543f6ef1bc1" />
                        <onLongPress ID="21876520-7618-46ec-b8ff-1f54d8931e70" />
                        <onScroll ID="5767e41f-1cf2-4149-913f-7722714728c7" />
                        <onShowPress ID="2dda59e5-ae00-47f5-8d0a-b13f317f5fc4" />
                        <onSingleTapUp ID="6da8f2bb-6e91-4d64-8e94-72bf45d40981" />
                        <onDoubleTap ID="5e0be2da-b27a-45a0-b2a3-d2136086e7ef" />
                        <onDoubleTapEvent ID="b0b53143-ea34-419e-a2a4-874b3710c2cd" />
                        <onSingleTapConfirmed ID="83b61090-e048-4aa0-a4aa-208023fef109" />
                    </outevent>
                </GestureDetectorClass>
                <DrawableContainerClass ID="8aa3bd6d-8eca-496b-a936-9db5fed2b62c" Class="DrawableClass" />
                <StateListDrawableClass ID="650f05e6-59ee-419f-a15d-483bb89d411d" Class="DrawableContainerClass" />
                <ContentObserverClass ID="8b02fee3-cdfd-4ec4-a173-f92950076f9c" Class="ObjectBaseClass">
                    <function>
                        <deliverSelfNotifications CantOvl="0" ID="74eb4883-9ba5-4f11-9854-65a8d5e1dcc2">
                            <output Type="VS_BOOL" />
                        </deliverSelfNotifications>
                        <onChange CantOvl="0" ID="f2626236-356b-4825-bd15-e2a13e0d4ca0">
                            <input Name="selfChange" Type="VS_BOOL" />
                        </onChange>
                    </function>
                </ContentObserverClass>
                <CommonDataKinds_PhoneClass ID="8baf3ae5-0881-4b00-a8d2-1fe404d92511" Class="ObjectBaseClass" />
                <BitmapDrawableClass ID="8c80351e-402f-4e74-9540-ced27025e612" Class="DrawableClass" />
                <AnticipateOvershootInterpolatorClass ID="8d92038d-809c-4e2b-a904-95bacf104131" Class="InterpolatorClass" />
                <WindowManager_LayoutParamsClass ID="8e10fd30-fa01-4653-b6d2-25e17de9b612" Class="ViewGroup_LayoutParamsClass" />
                <MotionEventClass ID="914ed10d-6f3e-4596-bf95-96645ec95f77" Class="ObjectBaseClass" />
                <SimpleCursorAdapterClass ID="92740a01-3e20-4301-94cd-dbe4040aee9f" Class="ResourceCursorAdapterClass" />
                <IBinderClass ID="92991566-694c-4e44-9b2c-609a5e7deaa3" Class="ObjectBaseClass" />
                <RadialGradientClass ID="93336a55-58db-4321-9934-28a63266ee52" Class="ShaderClass" />
                <AlertDialogClass ID="94bdbe29-1a9b-4a1d-88b0-da655c4e5025" Class="DialogClass">
                    <attribute>
                        <DialogInterfaceQueue Type="void *" />
                    </attribute>
                    <outevent>
                        <onMultiChoiceClick ID="0f4ec827-4463-4dc1-a16c-5df3e05a5577" />
                        <onClick ID="e4307802-3e1c-4ace-86bc-8c8eb3216eca" />
                    </outevent>
                </AlertDialogClass>
                <DatePickerDialogClass ID="1a7dfba4-0fa9-42e8-9d06-66167d0f7eb6" Class="AlertDialogClass">
                    <function>
                        <onDateChanged CantOvl="0" ID="1fa674ca-0490-416b-a18b-f5adc4b4a46b">
                            <input Name="onDateChanged" Type="VS_INT32" Caption="year" />
                            <input Name="month" Type="VS_INT32" />
                            <input Name="day" Type="VS_INT32" />
                        </onDateChanged>
                    </function>
                    <outevent>
                        <onDateSet ID="78f4a66d-f54e-4c2d-897a-8dd0d5bd17ee" />
                    </outevent>
                </DatePickerDialogClass>
                <ProgressDialogClass ID="4c76d032-7cd7-4535-b68f-4c79811a42cc" Class="AlertDialogClass" />
                <Uri_BuilderClass ID="95116f13-3e3d-4de2-95d0-c6e90aa5840d" Class="ObjectBaseClass" />
                <XmlResourceParserClass ID="9701f5f7-8297-40e4-b1f8-0801b105377e" Class="XmlPullParserClass" />
                <OsBuildClass ID="98291926-b620-42a2-8b3b-34e57d0c05b3" Class="ObjectBaseClass" />
                <ComposeShaderClass ID="9c1118fc-f9a6-4698-aa14-58f60b11e2b4" Class="ShaderClass" />
                <AnimationClass ID="9d0778bf-54d1-4591-bf26-bd9cd78331d0" Class="ObjectBaseClass">
                    <outevent>
                        <onAnimationEnd ID="f8dfc3b7-8af5-4382-8444-7c59042883a6" />
                        <onAnimationRepeat ID="27c193f6-e882-4883-b20c-68aaa1a37f85" />
                        <onAnimationStart ID="05d329cf-0917-48f7-aae3-d9832e527d8e" />
                    </outevent>
                </AnimationClass>
                <AlphaAnimationClass ID="045d34ee-7b76-47c4-8a24-4d77c129a600" Class="AnimationClass" />
                <RotateAnimationClass ID="3f60499a-f801-4ad5-8c95-c9fcc919a9c1" Class="AnimationClass" />
                <ScaleAnimationClass ID="57e36c48-d95c-4bfa-b831-810ef1e7c57c" Class="AnimationClass" />
                <TranslateAnimationClass ID="734116a2-3614-47eb-a747-f00b90f5a4ec" Class="AnimationClass" />
                <MenuClass ID="a01aaacc-7b64-4398-87f3-3cfb77110588" Class="ObjectBaseClass" />
                <SubMenuClass ID="a19b6ba0-f688-4b56-9dd6-b667eb325452" Class="ObjectBaseClass" />
                <EmbossMaskFilterClass ID="a2a9925f-9fb9-4369-afaf-69274357aee7" Class="MaskFilterClass" />
                <PathClass ID="a43e4b28-e10f-40dd-b02e-84b16161f14e" Class="ObjectBaseClass" />
                <CursorClass ID="a45812f3-fea4-411f-b488-9e19bfcbc941" Class="ObjectBaseClass" />
                <ContentResolverClass ID="a5c28b44-f7b4-4337-8921-08a188aa13b3" Class="ObjectBaseClass" />
                <AccelerateInterpolatorClass ID="a66f3fdb-e6d4-4baa-9434-c4c785d1a3e6" Class="InterpolatorClass" />
                <BitmapFactoryClass ID="a7ad95e1-a88d-438f-ad60-255c79ddacd8" Class="ObjectBaseClass" />
                <OutputStreamClass ID="ac90d70a-fc9b-41e8-b02f-77a993a43cef" Class="ObjectBaseClass" />
                <ByteArrayOutputStreamClass ID="333d9102-1693-4006-901e-dc7570ef470f" Class="OutputStreamClass" />
                <ContactsContract_ContactsClass ID="ae94e693-f5b2-4d57-b51b-8f8fabee724d" Class="ObjectBaseClass" />
                <ContactsContract_PhoneLookupClass ID="ae9be410-2222-44ed-b69c-4958e409b15c" Class="ObjectBaseClass" />
                <ToastClass ID="aec6c077-a72c-4e51-9103-e0c81dc0c3d4" Class="ObjectBaseClass" />
                <BounceInterpolatorClass ID="b0564645-7d0d-480e-9096-dbf2aad31687" Class="InterpolatorClass" />
                <TypedValueClass ID="b73b7bb4-6411-4578-af32-93616c620d68" Class="ObjectBaseClass" />
                <AnimationDrawableClass ID="b872a785-ecba-4c9f-9cb8-1ec0457f75c4" Class="DrawableContainerClass" />
                <SurfaceViewClass ID="b8e0bcb9-ab41-474e-9cdd-57e4f64d03e6" Class="ViewClass" />
                <PathEffectClass ID="b9693f4b-545c-4266-a615-aa895181677c" Class="ObjectBaseClass" />
                <CornerPathEffectClass ID="009bf946-84cc-4edb-95d7-ea9d2074fbc9" Class="PathEffectClass" />
                <SumPathEffectClass ID="252be5a4-a26f-4ed6-bbd1-e04b6fa06dff" Class="PathEffectClass" />
                <PathDashPathEffectClass ID="3e366538-fb2b-4671-b3b3-67cb6d2b08be" Class="PathEffectClass" />
                <LinearGradientClass ID="b974f6c4-7e5d-4a09-ae00-69d3037b07f1" Class="ShaderClass" />
                <SurfaceHolderClass ID="bad53fa2-c92f-4d2f-9a1c-c81084299278" Class="ObjectBaseClass">
                    <function>
                        <surfaceChanged CantOvl="0" ID="80330e8e-eb4a-49cb-9612-1d7beaeb64de">
                            <input Name="format" Type="VS_INT32" />
                            <input Name="width" Type="VS_INT32" />
                            <input Name="height" Type="VS_INT32" />
                        </surfaceChanged>
                        <surfaceCreated CantOvl="0" ID="4df8a376-4663-4da5-a67f-20f3f455ed7d" />
                        <surfaceDestroyed CantOvl="0" ID="806a7234-4c7e-471b-acb8-883f9ce3020d" />
                    </function>
                </SurfaceHolderClass>
                <SmsManagerClass ID="bcb65eb4-2f60-4349-bdcf-cc705c68431d" Class="ObjectBaseClass" />
                <AnalogClockClass ID="bec53b9b-646e-44a2-997e-50db8c0bde69" Class="ViewClass" />
                <EditableClass ID="bee4a433-0060-4264-8729-4e1bce42b2c4" Class="ObjectBaseClass" />
                <AssetManagerClass ID="c004fb96-9d53-42b7-86ab-55ab48007455" Class="ObjectBaseClass" />
                <AnticipateInterpolatorClass ID="c06646d3-8646-4073-b795-062248ea551f" Class="InterpolatorClass" />
                <ContentValuesClass ID="c0750c29-4371-4b1a-9b5f-36972308a99f" Class="ObjectBaseClass" />
                <AdapterClass ID="c09b124c-f4c9-45dc-b695-e742f3ac74f7" Class="ObjectBaseClass">
                    <function>
                        <getCount CantOvl="0" ID="92a7894c-434a-4c94-946e-4a4e4d679584">
                            <output Type="VS_INT32" />
                        </getCount>
                        <getItem CantOvl="0" ID="095563ba-582b-4449-8c8b-3454d79c6f9b">
                            <input Name="position" Type="VS_INT32" />
                            <output Type="VS_INT32" />
                        </getItem>
                        <getItemId CantOvl="0" ID="4cae97ca-d60c-41d1-a9d3-e92940e46570">
                            <input Name="position" Type="VS_INT32" />
                            <output Type="VS_LONG" />
                        </getItemId>
                        <getViewTypeCount CantOvl="0" ID="eebd6cff-5eb1-442e-a153-54f47d746a14">
                            <output Type="VS_INT32" />
                        </getViewTypeCount>
                        <getItemViewType CantOvl="0" ID="2079a019-9093-4bb2-95c5-ccc9512a9508">
                            <input Name="position" Type="VS_INT32" />
                            <output Type="VS_INT32" />
                        </getItemViewType>
                        <getView CantOvl="0" ID="1425afe3-bdab-40cd-808f-4c6b8b4a93f1">
                            <input Name="position" Type="VS_INT32" />
                            <input Name="convertView" Type="VS_OBJPTR" />
                            <input Name="parent" Type="VS_OBJPTR" />
                            <output Type="VS_OBJPTR" />
                        </getView>
                        <isEmpty CantOvl="0" ID="52d3dfb9-7541-49f6-8549-f72bcf972518">
                            <output Type="VS_BOOL" />
                        </isEmpty>
                    </function>
                </AdapterClass>
                <WindowClass ID="c1a9f860-37a3-4eda-8147-ccb7ac202575" Class="ObjectBaseClass" />
                <MatrixClass ID="c1b4329f-a980-472c-8f00-b400b5c6de09" Class="ObjectBaseClass" />
                <TextViewClass ID="c308e4c4-72e0-405b-83ce-1733b4794172" Class="ViewClass">
                    <outevent>
                        <onTextChanged ID="6e0eb830-adac-4793-8099-754adf607142" />
                        <beforeTextChanged ID="3dd3c844-1daf-4e1b-9ebf-1cbccc1c4be6" />
                        <afterTextChanged ID="18ff7518-860b-4669-9bc5-b7303c6f62b7" />
                    </outevent>
                </TextViewClass>
                <DigitalClockClass ID="027844e5-017b-45ec-8467-448f12cdea99" Class="TextViewClass" />
                <EditTextClass ID="08499154-540d-4809-9220-5e1fce7c28c2" Class="TextViewClass" />
                <ButtonClass ID="43c6ac18-8ba9-42f0-9ba5-f9a3596f9121" Class="TextViewClass" />
                <AutoCompleteTextViewClass ID="b3d4fc6d-67eb-41af-a75c-11f808987988" Class="EditTextClass" />
                <CompoundButtonClass ID="bcd9988b-066f-4b65-9aad-400c115891aa" Class="ButtonClass">
                    <outevent>
                        <onCheckedChanged ID="59d6f996-4bad-4eb8-b1d9-5bb30e17e7f5" />
                    </outevent>
                </CompoundButtonClass>
                <ToggleButtonClass ID="5600de1a-69a7-47ae-b0c1-07df5b79867c" Class="CompoundButtonClass" />
                <RadioButtonClass ID="6c106b60-0579-4613-9f80-4f85c84a1257" Class="CompoundButtonClass" />
                <CheckBoxClass ID="a8602bb3-a98a-4921-b2df-2c6d70c96f39" Class="CompoundButtonClass" />
                <PendingIntentClass ID="c39a3288-caa1-4a33-8dd3-5ab162a72cc8" Class="ObjectBaseClass">
                    <outevent>
                        <onSendFinished ID="75900644-f5e4-4304-83bc-a349d86473d6" />
                    </outevent>
                </PendingIntentClass>
                <ShapeClass ID="c6cd14b6-5eef-47fe-b7d0-7cf340069ead" Class="ObjectBaseClass" />
                <RectShapeClass ID="103832ed-2c83-47af-8c6c-ee41b53608be" Class="ShapeClass" />
                <RoundRectShapeClass ID="44c9d97d-dad7-412a-a94e-bd32a40ab374" Class="RectShapeClass" />
                <BroadcastReceiverClass ID="c73a0d6f-8682-4cf7-b6a4-f8b62ac87682" Class="ObjectBaseClass">
                    <function>
                        <onReceive CantOvl="0" ID="0aa7b8aa-ce67-4bff-8610-5ad140afcfa9">
                            <input Name="intent" Type="VS_OBJPTR" />
                        </onReceive>
                    </function>
                </BroadcastReceiverClass>
                <LinearInterpolatorClass ID="c7d6ca93-91ec-4c92-b8dd-b64115ce770f" Class="InterpolatorClass" />
                <RingtoneManagerClass ID="ca2d55a7-5264-4ddc-8898-1deed03325e8" Class="ObjectBaseClass" />
                <AlertDialog_BuilderClass ID="ca404403-a645-484f-be0e-3335ac552355" Class="ObjectBaseClass">
                    <outevent>
                        <onKey ID="67249b0e-e306-4688-a838-86fcaf565e33" />
                        <onCancel ID="2cc051a2-83ed-431f-bdb2-85ea44d680c1" />
                        <onMultiChoiceClick ID="a500143e-d204-4a55-bf7d-f632a9c530ef" />
                        <onDismiss ID="6567ef5b-0fd4-4c4c-b614-74accdad1dbb" />
                        <onShow ID="c050f8f4-077a-4277-ad8a-39a14639730c" />
                        <onClick ID="1c3e4f82-3406-414a-ab36-91ca575bdeee" />
                    </outevent>
                </AlertDialog_BuilderClass>
                <BundleClass ID="ca7c22f5-4971-4ecc-8f02-680d5bdf225e" Class="ObjectBaseClass" />
                <ComposePathEffectClass ID="ca88c76a-6380-4d4f-b5c8-d8668ee24617" Class="PathEffectClass" />
                <PopupWindowClass ID="cb3c7ce3-1123-4c8e-add2-6d1f0a2ca603" Class="ObjectBaseClass">
                    <outevent>
                        <onDismiss ID="adae9c39-1dbf-4f1b-8d44-917e394ede21" />
                    </outevent>
                </PopupWindowClass>
                <SensorEventClass ID="cbdac847-1206-4638-87ca-499ce865d556" Class="ObjectBaseClass" />
                <StarSimpleAdapterClass ID="d2c8d8e4-cc42-4de5-84aa-c9ebe0a1c88a" Class="BaseAdapterClass" />
                <ArcShapeClass ID="d3b843b9-f5d5-4255-9129-5ab026e9f371" Class="RectShapeClass" />
                <WebSettingsClass ID="d4129f35-b9f8-41ab-8fc9-a11e62c92095" Class="ObjectBaseClass" />
                <ColorStateListClass ID="d65a71cd-070d-4705-96e1-808f5d9facc4" Class="ObjectBaseClass" />
                <SoundPoolClass ID="d8a3287c-69fb-4357-ad47-5a431a6acc08" Class="ObjectBaseClass" />
                <WebViewClientClass ID="d987ef5d-5899-4198-be2c-92e2a11b63f3" Class="ObjectBaseClass">
                    <function>
                        <doUpdateVisitedHistory CantOvl="0" ID="79087d99-c425-4a13-9131-eabc572f124d">
                            <input Name="view" Type="VS_OBJPTR" />
                            <input Name="url" Type="VS_CHAR *" />
                            <input Name="isReload" Type="VS_BOOL" />
                        </doUpdateVisitedHistory>
                        <onLoadResource CantOvl="0" ID="093df1d1-e812-4c7d-ac1b-3b09e75b0481">
                            <input Name="view" Type="VS_OBJPTR" />
                            <input Name="url" Type="VS_CHAR *" />
                        </onLoadResource>
                        <onPageFinished CantOvl="0" ID="76637708-eeb8-4db7-ae0e-e2955acd7a9d">
                            <input Name="view" Type="VS_OBJPTR" />
                            <input Name="url" Type="VS_CHAR *" />
                        </onPageFinished>
                        <onPageStarted CantOvl="0" ID="e8109413-7b3f-4acc-846a-22a02710ad19">
                            <input Name="view" Type="VS_OBJPTR" />
                            <input Name="url" Type="VS_CHAR *" />
                            <input Name="favicon" Type="VS_OBJPTR" />
                        </onPageStarted>
                        <onReceivedError CantOvl="0" ID="8e23ad02-3ddc-4186-b1df-2868958ef58d">
                            <input Name="view" Type="VS_OBJPTR" />
                            <input Name="errorCode" Type="VS_INT32" />
                            <input Name="description" Type="VS_CHAR *" />
                            <input Name="failingUrl" Type="VS_CHAR *" />
                        </onReceivedError>
                        <onReceivedLoginRequest CantOvl="0" ID="c0921a67-81e6-43df-bf5e-3a74c2bf2471">
                            <input Name="view" Type="VS_OBJPTR" />
                            <input Name="realm" Type="VS_CHAR *" />
                            <input Name="account" Type="VS_CHAR *" />
                            <input Name="args" Type="VS_CHAR *" />
                        </onReceivedLoginRequest>
                        <onScaleChanged CantOvl="0" ID="57c8db0c-356f-44d2-bcc8-4cf618dd59ef">
                            <input Name="view" Type="VS_OBJPTR" />
                            <input Name="oldScale" Type="VS_FLOAT" />
                            <input Name="newScale" Type="VS_FLOAT" />
                        </onScaleChanged>
                        <onUnhandledKeyEvent CantOvl="0" ID="4f248681-f7ab-4343-a2fc-df18995c54d4">
                            <input Name="view" Type="VS_OBJPTR" />
                            <input Name="event" Type="VS_OBJPTR" />
                        </onUnhandledKeyEvent>
                        <shouldOverrideKeyEvent CantOvl="0" ID="361b6c0b-8b75-4234-a681-63bc1d583cb9">
                            <input Name="view" Type="VS_OBJPTR" />
                            <input Name="event" Type="VS_OBJPTR" />
                            <output Type="VS_BOOL" />
                        </shouldOverrideKeyEvent>
                        <shouldOverrideUrlLoading CantOvl="0" ID="a8325565-5718-48e4-8829-f458e649ebbb">
                            <input Name="view" Type="VS_OBJPTR" />
                            <input Name="url" Type="VS_CHAR *" />
                            <output Type="VS_BOOL" />
                        </shouldOverrideUrlLoading>
                    </function>
                </WebViewClientClass>
                <CanvasClass ID="d9c451f6-29d3-4043-9d90-41f879d5ebb7" Class="ObjectBaseClass" />
                <ViewConfigurationClass ID="db84ce14-9522-4ef3-903d-36f8693fdb28" Class="ObjectBaseClass" />
                <NotificationClass ID="dd1a70b3-2618-49e9-a1eb-9783c36074d1" Class="ObjectBaseClass" />
                <ConfigurationClass ID="de298252-9edd-4732-8cfc-cb379d0fbbce" Class="ObjectBaseClass" />
                <TimePickerDialogClass ID="de4feaa0-5b5c-4f85-9269-f8163b88f309" Class="AlertDialogClass">
                    <function>
                        <onTimeChanged CantOvl="0" ID="929a9dcd-fba7-4571-a436-9b09fb7cf8e4">
                            <input Name="hourOfDay" Type="VS_INT32" />
                            <input Name="minute" Type="VS_INT32" />
                        </onTimeChanged>
                    </function>
                    <outevent>
                        <onTimeSet ID="5a89db16-e21e-4c92-b9fe-3e3ab8da4fb8" />
                    </outevent>
                </TimePickerDialogClass>
                <FileOutputStreamClass ID="e3e650ea-b1c6-47ee-9e38-229f6fe4d99f" Class="OutputStreamClass" />
                <JsResultClass ID="e66648e9-ce1b-4d35-bd7e-9d060d3e3d47" Class="ObjectBaseClass" />
                <JsPromptResultClass ID="bac7fa3d-45d1-42a9-9982-fa689c1e7796" Class="JsResultClass" />
                <SimpleAdapterClass ID="e8abbbb7-41c3-44b9-b1c3-f777f2f217d6" Class="BaseAdapterClass" />
                <AnimationSetClass ID="e8e611df-2d68-4ade-9090-f0a624443549" Class="AnimationClass" />
                <DashPathEffectClass ID="e9127608-0e4d-490d-b0a9-ca3ca37702e0" Class="PathEffectClass" />
                <ContextMenuClass ID="e913bc87-8002-4a1f-8ac3-b459d08c3e23" Class="MenuClass" />
                <AdapterContextMenuInfoClass ID="eb1f59e7-5b53-4d19-97c2-3d1e168a9316" Class="ContextMenuInfoClass" />
                <SeekBarClass ID="eb271157-2e1c-4ec1-aee6-2e732bdf1135" Class="AbsSeekBarClass">
                    <outevent>
                        <onProgressChanged ID="d30dec8f-16c1-48f9-94c6-659ef0fa9550" />
                        <onStartTrackingTouch ID="da6f5aa4-70d9-4925-8a29-cdfeaed86f00" />
                        <onStopTrackingTouch ID="8f8e11de-eb95-4a3a-9e8b-ab0d35c253f6" />
                    </outevent>
                </SeekBarClass>
                <NetworkInfoClass ID="ec08a01e-5b42-4a18-92f2-bb1d3b44905a" Class="ObjectBaseClass" />
                <UriMatcherClass ID="eda399a2-2843-44d3-9132-05a86f5c0e31" Class="ObjectBaseClass" />
                <CycleInterpolatorClass ID="ee0f6a2d-f47a-4b48-8ecb-5a3aa3dd6632" Class="InterpolatorClass" />
                <StringHashMapClass ID="eead8a61-171f-47d2-990e-b6b535455ecf" Class="ObjectBaseClass" />
                <RectFClass ID="f148198a-6824-4a55-a067-fe48fa1dcdf6">
                    <attribute>
                        <left Type="VS_FLOAT" />
                        <top Type="VS_FLOAT" />
                        <right Type="VS_FLOAT" />
                        <bottom Type="VS_FLOAT" />
                    </attribute>
                </RectFClass>
                <ImageViewClass ID="f17c90f1-cca7-4f97-a012-f158ec97b2e9" Class="ViewClass" />
                <ImageButtonClass ID="1529628b-22d7-4cac-a419-14b9c09f1237" Class="ImageViewClass" />
                <QuickContactBadgeClass ID="55c5d6ab-56a7-45cf-9f42-722014379cf3" Class="ImageViewClass" />
                <ZoomButtonClass ID="b1c2681a-23f1-46a2-a59c-9276854793f3" Class="ImageButtonClass" />
                <DiscretePathEffectClass ID="f37a51f7-bb14-4b92-8ad4-db5e1f084b45" Class="PathEffectClass" />
                <ColorFilterClass ID="f3c486f2-9501-4399-aaee-c469d43770d7" Class="ObjectBaseClass" />
                <ColorMatrixColorFilterClass ID="80e4a17b-3834-4876-b575-ab4978eb5492" Class="ColorFilterClass" />
                <PorterDuffColorFilterClass ID="d8222cc4-4558-4295-89be-87171e99abef" Class="ColorFilterClass" />
                <TelephonyManagerClass ID="f4945b73-0e7d-4c75-ac38-95aca476d68f" Class="ObjectBaseClass">
                    <outevent>
                        <onCallForwardingIndicatorChanged ID="2446139e-cad8-433d-bcd3-43305d777405" />
                        <onCallStateChanged ID="d6af51d8-9f57-4e3e-a1ed-d48edc38dffa" />
                        <onCellLocationChanged ID="04c1fae7-78f6-483d-b02d-d5403fb02db6" />
                        <onDataActivity ID="8bc85d05-bb36-46b5-be48-b0d2d9fecb12" />
                        <onDataConnectionStateChanged ID="a4aff5dc-f1a0-4d7b-9328-e28935941d8f" />
                        <onMessageWaitingIndicatorChanged ID="b256d7d2-886f-452a-ab4f-03573c43568d" />
                        <onSignalStrengthChanged ID="f03c303f-4a63-4042-a553-2828fb9a0e3b" />
                    </outevent>
                </TelephonyManagerClass>
                <BaseExpandableListAdapterClass ID="f4f88cb0-d6e1-490b-bfd3-6ee9ec1eab9a" Class="ObjectBaseClass">
                    <function>
                        <areAllItemsEnabled CantOvl="0" ID="76485e67-e002-4724-b247-41421244bb9b">
                            <output Type="VS_BOOL" />
                        </areAllItemsEnabled>
                        <getChild CantOvl="0" ID="f5f856c4-a091-4468-a481-b119c500455e">
                            <input Name="groupPosition" Type="VS_INT32" />
                            <input Name="childPosition" Type="VS_INT32" />
                            <output Type="VS_INT32" />
                        </getChild>
                        <getChildId CantOvl="0" ID="11031feb-930b-4274-9ca1-ff64a57011ac">
                            <input Name="groupPosition" Type="VS_INT32" />
                            <input Name="childPosition" Type="VS_INT32" />
                            <output Type="VS_LONG" />
                        </getChildId>
                        <getChildView CantOvl="0" ID="e9dc1739-b13d-41ea-ab5a-c23733025eb8">
                            <input Name="groupPosition" Type="VS_INT32" />
                            <input Name="childPosition" Type="VS_INT32" />
                            <input Name="isLastChild" Type="VS_BOOL" />
                            <input Name="convertView" Type="VS_OBJPTR" />
                            <input Name="parent" Type="VS_OBJPTR" />
                            <output Type="VS_OBJPTR" />
                        </getChildView>
                        <getChildrenCount CantOvl="0" ID="6c9b4df8-d3aa-478c-8854-d53d528c1985">
                            <input Name="groupPosition" Type="VS_INT32" />
                            <output Type="VS_INT32" />
                        </getChildrenCount>
                        <getChildType CantOvl="0" ID="521773d0-4034-4b68-afee-d2467e48cc60">
                            <input Name="groupPosition" Type="VS_INT32" />
                            <input Name="childPosition" Type="VS_INT32" />
                            <output Type="VS_INT32" />
                        </getChildType>
                        <getChildTypeCount CantOvl="0" ID="09c83f29-20e6-42b9-b5c8-872d8dc3bbd4">
                            <output Type="VS_INT32" />
                        </getChildTypeCount>
                        <getCombinedChildId CantOvl="0" ID="01cfb0c1-464c-4155-aac4-a2a4f5ad9f1a">
                            <input Name="groupId" Type="VS_LONG" />
                            <input Name="childId" Type="VS_LONG" />
                            <output Type="VS_LONG" />
                        </getCombinedChildId>
                        <getCombinedGroupId CantOvl="0" ID="e7604078-f56c-4e8c-ab2d-5ebe8b86d16a">
                            <input Name="groupId" Type="VS_LONG" />
                            <output Type="VS_LONG" />
                        </getCombinedGroupId>
                        <getGroup CantOvl="0" ID="b51d4de3-099a-4493-a0ab-f68750f680d6">
                            <input Name="groupPosition" Type="VS_INT32" />
                            <output Type="VS_INT32" />
                        </getGroup>
                        <getGroupCount CantOvl="0" ID="71bbae79-2256-477e-8cc9-cd164593ffd4">
                            <output Type="VS_INT32" />
                        </getGroupCount>
                        <getGroupId CantOvl="0" ID="14c1a0a9-1dfe-489d-8f35-1868f94865e3">
                            <input Name="groupPosition" Type="VS_INT32" />
                            <output Type="VS_LONG" />
                        </getGroupId>
                        <getGroupView CantOvl="0" ID="6ec4ee45-2086-46dc-86aa-b804449b3331">
                            <input Name="groupPosition" Type="VS_INT32" />
                            <input Name="isExpanded" Type="VS_BOOL" />
                            <input Name="convertView" Type="VS_OBJPTR" />
                            <input Name="parent" Type="VS_OBJPTR" />
                            <output Type="VS_OBJPTR" />
                        </getGroupView>
                        <hasStableIds CantOvl="0" ID="faa42258-079c-4cbe-9e46-5d1e508d0a54">
                            <output Type="VS_BOOL" />
                        </hasStableIds>
                        <isChildSelectable CantOvl="0" ID="718debd0-0dc0-4f13-92e2-bcfe8c67d90c">
                            <input Name="groupPosition" Type="VS_INT32" />
                            <input Name="childPosition" Type="VS_INT32" />
                            <output Type="VS_BOOL" />
                        </isChildSelectable>
                        <getGroupType CantOvl="0" ID="dc1dedba-a046-4ad5-995d-4459ca6d04d3">
                            <input Name="groupPosition" Type="VS_INT32" />
                            <output Type="VS_INT32" />
                        </getGroupType>
                        <getGroupTypeCount CantOvl="0" ID="52e6b618-985e-479d-a92a-98efdc6f209c">
                            <output Type="VS_INT32" />
                        </getGroupTypeCount>
                        <isEmpty CantOvl="0" ID="4e9ce7e6-4dd3-440a-afb3-71022968c247">
                            <output Type="VS_BOOL" />
                        </isEmpty>
                        <onGroupCollapsed CantOvl="0" ID="467ec826-1983-4a98-8db2-63e57f7a2d8a">
                            <input Name="groupPosition" Type="VS_INT32" />
                        </onGroupCollapsed>
                        <onGroupExpanded CantOvl="0" ID="23a83cc7-e3b0-435e-ad2b-304646bf2fa3">
                            <input Name="groupPosition" Type="VS_INT32" />
                        </onGroupExpanded>
                    </function>
                </BaseExpandableListAdapterClass>
                <ViewGroupClass ID="f81c188d-5547-485f-a1d8-9acf724dccac" Class="ViewClass">
                    <attribute>
                        <ViewGroupQueue Type="void *" Class="ViewGroupClass" />
                        <ViewQueue Type="void *" Class="ViewClass" />
                        <ObjectQueue Type="void *" Class="ObjectBaseClass" />
                    </attribute>
                    <function>
                        <onInterceptTouchEvent CantOvl="0" ID="20d3b5ef-4694-42ba-b9d3-4343a020fddd">
                            <input Name="event" Type="VS_OBJPTR" />
                            <output Type="VS_BOOL" />
                        </onInterceptTouchEvent>
                    </function>
                </ViewGroupClass>
                <RelativeLayoutClass ID="0f8b95d5-e82d-4342-bda3-52cf7cf41a1c" Class="ViewGroupClass" />
                <AdapterViewClass ID="5746d858-00ab-4961-9b34-79ceb7f2c537" Class="ViewGroupClass">
                    <outevent>
                        <onItemClick Desc="ParaPkg[0] view._ID,position,id;script(event,_ID,position,id)" ID="27fb6cf5-e858-42f9-acc8-7d6548463f21" />
                        <onItemLongClick ID="7154198e-6fbe-4a2d-930b-91a669ae2335" />
                        <onItemSelected ID="50506928-72cf-4fd4-bba8-a1170771a096" />
                        <onNothingSelected ID="319c3cd9-b6ff-4929-9bbe-8af71f95f485" />
                    </outevent>
                </AdapterViewClass>
                <AbsSpinnerClass ID="445a9fed-1103-4ee0-a2a7-9004f4c00124" Class="AdapterViewClass" />
                <GalleryClass ID="1287a4aa-ca21-4383-b5f3-85095e99d0f2" Class="AbsSpinnerClass">
                    <function>
                        <onDown CantOvl="0" ID="df51c32c-e720-42b0-945e-49dc5211a2ed">
                            <input Name="e" Type="VS_OBJPTR" />
                            <output Type="VS_BOOL" />
                        </onDown>
                        <onFling CantOvl="0" ID="df159e26-3e82-4651-9d24-66543d6aff6e">
                            <input Name="e1" Type="VS_OBJPTR" />
                            <input Name="e2" Type="VS_OBJPTR" />
                            <input Name="velocityX" Type="VS_FLOAT" />
                            <input Name="velocityY" Type="VS_FLOAT" />
                            <output Type="VS_BOOL" />
                        </onFling>
                        <onLongPress CantOvl="0" ID="73c61eb2-2e8d-4982-8bf9-0e8b1ef756c5">
                            <input Name="e" Type="VS_OBJPTR" />
                            <output Type="VS_BOOL" />
                        </onLongPress>
                        <onScroll CantOvl="0" ID="56095df6-96f7-4f3e-9900-0f60b1dda2ca">
                            <input Name="e1" Type="VS_OBJPTR" />
                            <input Name="e2" Type="VS_OBJPTR" />
                            <input Name="distanceX" Type="VS_FLOAT" />
                            <input Name="distanceY" Type="VS_FLOAT" />
                            <output Type="VS_BOOL" />
                        </onScroll>
                        <onShowPress CantOvl="0" ID="7fb6599f-a552-4c59-b4e9-9603e85acd1a">
                            <input Name="e" Type="VS_OBJPTR" />
                        </onShowPress>
                        <onSingleTapUp CantOvl="0" ID="11b28ebc-2097-4cb9-87c2-57f4b51a9242">
                            <input Name="e" Type="VS_OBJPTR" />
                            <output Type="VS_BOOL" />
                        </onSingleTapUp>
                        <onTouchEvent CantOvl="0" ID="3bf2c69a-9040-499b-8356-a18fba4f6463">
                            <input Name="event" Type="VS_OBJPTR" />
                            <output Type="VS_BOOL" />
                        </onTouchEvent>
                    </function>
                </GalleryClass>
                <FrameLayoutClass ID="5aa11bb1-6e14-4751-a861-09a0a931b064" Class="ViewGroupClass" />
                <TabHostClass ID="38a05f1e-530e-4f87-83b8-c54631effb2a" Class="FrameLayoutClass">
                    <outevent>
                        <onTabChanged ID="d39b97aa-198e-4e66-b713-3e9b53a0c701" />
                    </outevent>
                </TabHostClass>
                <HorizontalScrollViewClass ID="51ce8ed4-39c7-4f5d-bda5-f288e1861b77" Class="FrameLayoutClass" />
                <SpinnerClass ID="6ea46bfd-a166-45a1-b7f8-cb7687ba8dd6" Class="AbsSpinnerClass" />
                <AbsoluteLayoutClass ID="7960f1be-6cfd-43a9-858a-7b76027b2aaa" Class="ViewGroupClass" />
                <WebViewClass ID="3d41995a-5229-41c5-aa94-17ffbb0adef5" Class="AbsoluteLayoutClass" />
                <LinearLayoutClass ID="8858327c-c5e4-4e60-b3de-1aba1e03de5f" Class="ViewGroupClass" />
                <TableLayoutClass ID="4798d923-8f59-48e3-8013-32aa402e4322" Class="LinearLayoutClass" />
                <TableRowClass ID="673c8477-31ea-490f-835f-157ecbd1e981" Class="LinearLayoutClass" />
                <AbsListViewClass ID="8f7cb969-f19a-41d5-b38c-64f2c6066061" Class="AdapterViewClass">
                    <outevent>
                        <onScroll ID="f3995190-ba6f-42f0-a61b-ed446a9353ac" />
                        <onScrollStateChanged ID="fa3addda-6aa4-4420-bb89-16d1600fc13d" />
                        <onMovedToScrapHeap ID="4c7da79a-ad02-40e1-af2a-9577ab4a4b42" />
                    </outevent>
                </AbsListViewClass>
                <ListViewClass ID="7f8e50c4-fd4f-4fbc-9376-e96a303ce5a4" Class="AbsListViewClass" />
                <ScrollViewClass ID="8fa01799-3b8c-4147-9d38-d1a49c67ce1a" Class="FrameLayoutClass" />
                <TimePickerClass ID="a2994bab-9d86-45be-8916-7227592a053d" Class="FrameLayoutClass">
                    <outevent>
                        <onTimeChanged ID="4dbaa2aa-1c1a-4a14-90fc-ebedf7f5b723" />
                    </outevent>
                </TimePickerClass>
                <DatePickerClass ID="a42b79ba-2e24-49aa-93e3-59257aa4eacf" Class="FrameLayoutClass">
                    <outevent>
                        <onDateChanged ID="fa767365-0968-46f2-8285-1e18a3652673" />
                    </outevent>
                </DatePickerClass>
                <SlidingDrawerClass ID="a975855e-3b8e-449c-9718-1fabddde0049" Class="ViewGroupClass">
                    <outevent>
                        <onDrawerClosed ID="c041244f-38ed-4afd-8eaf-a2eeb84b50b5" />
                        <onDrawerOpened ID="54278200-d12f-49b5-92f9-0e17347af976" />
                        <onScrollEnded ID="9c689086-48c3-4bef-8c4b-44ec6e406389" />
                        <onScrollStarted ID="511eccd0-d033-4e77-a4ad-9887fe082a61" />
                    </outevent>
                </SlidingDrawerClass>
                <TwoLineListItemClass ID="cd893747-491b-44b0-894d-0d51f09a469e" Class="RelativeLayoutClass" />
                <ViewAnimatorClass ID="ee1c08bc-c429-458a-a668-eff2e3ae94a8" Class="FrameLayoutClass" />
                <ViewSwitcherClass ID="55bba182-ccd6-4b52-b583-e4d71b55c37f" Class="ViewAnimatorClass" />
                <ImageSwitcherClass ID="3f61f326-c800-499b-8020-bf47ec304fb9" Class="ViewSwitcherClass" />
                <TextSwitcherClass ID="70be14ca-254e-4561-9ab6-d35f500b58a6" Class="ViewSwitcherClass" />
                <ViewFlipperClass ID="cb95622c-a72e-4c4e-8a12-5c308b1e6e9c" Class="ViewAnimatorClass" />
                <ExpandableListViewClass ID="efdbf2db-6854-4484-8e7c-47d61e33cd82" Class="ListViewClass">
                    <outevent>
                        <onChildClick ID="6b501ef9-ae48-419a-83ac-ed9f9df3a077" />
                        <onGroupClick ID="11409ca9-080f-48d1-93b1-2a81d732d5ff" />
                        <onGroupCollapse ID="bb7a7b9e-de5c-47dd-a920-4323fcc68ff3" />
                        <onGroupExpand ID="1f5e2fd4-446c-451b-a73f-9427a6ea191d" />
                    </outevent>
                </ExpandableListViewClass>
                <GridViewClass ID="f4f56c4a-7e78-4cbc-aca1-d498d6c4542a" Class="AbsListViewClass" />
                <InputMethodManagerClass ID="f8ac6167-3259-4455-a1fb-10271e0263ba" Class="ObjectBaseClass" />
                <SensorManagerClass ID="f8fcf96d-5e0d-4ef8-bf0c-ca4d41a40ced" Class="ObjectBaseClass">
                    <outevent>
                        <onAccuracyChanged ID="9ad9be5a-474a-4836-8259-c7b54f15bf56" />
                        <onSensorChanged ID="abf9291a-ad3e-4056-88c9-1f2a0de48bd7" />
                    </outevent>
                </SensorManagerClass>
                <InputEventClass ID="f9704595-5a9b-4a9f-9f1b-47ab6144210c" Class="ObjectBaseClass" />
                <KeyEventClass ID="35fb8193-cdc1-4bba-9768-e5f49df83c55" Class="InputEventClass" />
                <CheckedTextViewClass ID="fadcd0e0-7bb2-4bbb-bf6e-9a2fe13b23ae" Class="TextViewClass" />
                <OvalShapeClass ID="faeff9b6-5fb8-48b1-90c6-20f1da2aa282" Class="RectShapeClass" />
                <BitmapFactory_OptionsClass ID="fc0d6b37-9a96-4296-baf9-614b653778f1" Class="ObjectBaseClass" />
                <SystemClockClass ID="fcc236d1-2e5d-410a-b8ba-f82336182b5e" Class="ObjectBaseClass" />
                <TabContentFactoryClass ID="fcd58054-d9f7-4537-905f-9a46694a5a09" Class="ObjectBaseClass">
                    <function>
                        <createTabContent CantOvl="0" ID="f6fddd22-e5f5-4d84-87d3-932e01483b98">
                            <input Name="tag" Type="VS_CHAR *" />
                            <output Type="VS_OBJPTR" />
                        </createTabContent>
                    </function>
                </TabContentFactoryClass>
                <LightingColorFilterClass ID="fdaa1121-d55f-462b-bf70-e5489cac37a3" Class="ColorFilterClass" />
                <TypedArrayClass ID="feeb20dc-d14d-45f7-8ba9-3c567a5850d1" Class="ObjectBaseClass" />
                <RadioGroupClass ID="ffc7049d-ab1a-4ff8-9665-0b5cbe1e355f" Class="LinearLayoutClass">
                    <outevent>
                        <onCheckedChanged Desc="LParam=RadioButton; Script( Event, RadioButton )" ID="af1cbf78-9c6a-48c3-a256-bc812cec2749" />
                        <onChildViewAdded ID="5bca4ce5-c4b7-44d9-b16d-1a1c5887eba7" />
                        <onChildViewRemoved ID="ea94a928-b8e8-4e8c-aa31-1e4f5c156768" />
                    </outevent>
                </RadioGroupClass>
                <InputConnectionClass ID="17e3f1ea-dc17-4bda-9003-8102c3526add" Class="ObjectBaseClass" />
                <EditorInfoClass ID="e9453e15-0b87-4678-880d-5d04365f8551" Class="ObjectBaseClass" />
                <BaseInputConnectionClass ID="dcf148ce-6e07-48c4-90f6-735b76024678" Class="InputConnectionClass">
                    <function>
                        <commitText CantOvl="0" ID="017a1aa9-7f27-4d30-979c-09490fd331ac">
                            <input Name="text" Type="VS_CHAR *" />
                            <input Name="newCursorPosition" Type="VS_INT32" />
                            <output Type="VS_BOOL" />
                        </commitText>
                    </function>
                </BaseInputConnectionClass>
            </object>
        </BasicServiceItem>
    </sysrootitem>
</service>
